strain	length	A	C	G	T	N	other_IUPAC	-	?	invalid_nucleotides
MT324062	29903	8953	5487	5864	9599	0	0	0	0	0
MT653071	29804	8896	5472	5850	9580	0	6	0	0	0
MT653080	29804	8900	5477	5850	9577	0	0	0	0	0
MT731327	29903	8953	5485	5862	9603	0	0	0	0	0
MT790522	29781	8894	5474	5847	9566	0	0	0	0	0
MT872497	29896	8938	5486	5854	9586	32	0	0	0	0
MT890205	29839	8830	5431	5810	9496	272	0	0	0	0
MT994707	29777	8894	5473	5846	9564	0	0	0	0	0
MW018428	29803	8902	5477	5848	9576	0	0	0	0	0
MW426406	29884	8944	5483	5859	9598	0	0	0	0	0
MW474741	29882	8935	5488	5860	9599	0	0	0	0	0
LR963402	29818	8610	5273	5665	9240	1029	1	0	0	0
LR963451	29873	8884	5466	5852	9563	108	0	0	0	0
MW566800	29661	7638	4728	5065	8284	3946	0	0	0	0
MW703381	29857	8908	5480	5855	9590	14	10	0	0	0
MW751124	29782	8497	5228	5567	9171	1319	0	0	0	0
MZ040128	29782	8895	5469	5848	9570	0	0	0	0	0
MZ040130	29782	8893	5469	5849	9571	0	0	0	0	0
MZ054879	29813	8899	5477	5856	9581	0	0	0	0	0
MZ149969	29764	8888	5467	5839	9570	0	0	0	0	0
MZ150527	29132	8682	5319	5716	9415	0	0	0	0	0
MZ172409	29871	8920	5484	5860	9607	0	0	0	0	0
MZ215672	29847	8781	5366	5756	9455	488	1	0	0	0
MZ287350	29814	8906	5469	5848	9587	0	4	0	0	0
MZ287361	29814	8903	5463	5855	9588	0	5	0	0	0
MZ520070	29763	8890	5456	5844	9573	0	0	0	0	0
MZ540788	29764	8092	4991	5363	8700	2618	0	0	0	0
MZ571142	29818	8904	5476	5852	9586	0	0	0	0	0
MZ619091	28240	8404	5102	5509	9225	0	0	0	0	0
MZ622025	29663	8856	5450	5814	9543	0	0	0	0	0
MZ854386	29830	8908	5468	5852	9602	0	0	0	0	0
OK001876	29903	8958	5492	5861	9592	0	0	0	0	0
OK018220	29782	8636	5321	5677	9302	846	0	0	0	0
OK018237	29764	8819	5414	5804	9509	218	0	0	0	0
OK091660	29798	8896	5467	5850	9585	0	0	0	0	0
OK348762	29775	8491	5202	5564	9128	1390	0	0	0	0
OK354409	29862	8900	5446	5828	9559	129	0	0	0	0
